time_iso8601,temperature_2m_째C,wind_speed_10m_km/h,rain_mm,snowfall_cm,relative_humidity_2m_%,dew_point_2m_째C,apparent_temperature_째C,precipitation_mm,wind_direction_10m_째,wind_gusts_10m_km/h,cloud_cover_low_%,cloud_cover_mid_%,cloud_cover_high_%,latitude,longitude,elevation,generationtime_ms,utc_offset_seconds,timezone,timezone_abbreviation
2025-06-22T00:00,25.7,12.7,0.0,0.0,43,12.2,24.5,0.0,195,30.2,0,24,100,51.493847,-0.1630249,29.0,0.3751516342163086,0,GMT,GMT
2025-06-22T01:00,24.4,7.7,0.0,0.0,50,13.3,24.4,0.0,229,26.3,0,32,99,51.493847,-0.1630249,29.0,0.3751516342163086,0,GMT,GMT
2025-06-22T02:00,22.8,13.0,0.0,0.0,59,14.4,22.4,0.0,241,29.5,0,10,100,51.493847,-0.1630249,29.0,0.3751516342163086,0,GMT,GMT
2025-06-22T03:00,20.4,13.0,0.0,0.0,72,15.2,20.2,0.0,264,33.1,0,0,100,51.493847,-0.1630249,29.0,0.3751516342163086,0,GMT,GMT
2025-06-22T04:00,18.7,12.6,0.0,0.0,74,13.9,18.1,0.0,256,30.6,1,1,100,51.493847,-0.1630249,29.0,0.3751516342163086,0,GMT,GMT
2025-06-22T05:00,17.6,13.8,0.0,0.0,73,12.7,16.4,0.0,264,33.5,0,0,37,51.493847,-0.1630249,29.0,0.3751516342163086,0,GMT,GMT
2025-06-22T06:00,17.9,11.9,0.0,0.0,73,13.0,17.1,0.0,266,33.1,21,0,0,51.493847,-0.1630249,29.0,0.3751516342163086,0,GMT,GMT
2025-06-22T07:00,18.9,14.1,0.0,0.0,69,13.1,17.8,0.0,260,35.3,38,0,3,51.493847,-0.1630249,29.0,0.3751516342163086,0,GMT,GMT
2025-06-22T08:00,20.3,12.8,0.0,0.0,61,12.6,19.2,0.0,253,37.1,6,0,0,51.493847,-0.1630249,29.0,0.3751516342163086,0,GMT,GMT
2025-06-22T09:00,21.9,13.8,0.0,0.0,53,11.8,20.8,0.0,244,36.7,3,0,0,51.493847,-0.1630249,29.0,0.3751516342163086,0,GMT,GMT
2025-06-22T10:00,23.2,15.3,0.0,0.0,46,10.8,22.2,0.0,242,41.0,2,0,0,51.493847,-0.1630249,29.0,0.3751516342163086,0,GMT,GMT
2025-06-22T11:00,25.0,19.7,0.0,0.0,39,10.1,23.5,0.0,242,49.0,27,5,5,51.493847,-0.1630249,29.0,0.3751516342163086,0,GMT,GMT
2025-06-22T12:00,26.6,20.0,0.0,0.0,32,8.7,24.5,0.0,240,50.4,6,26,100,51.493847,-0.1630249,29.0,0.3751516342163086,0,GMT,GMT
2025-06-22T13:00,25.8,23.8,0.0,0.0,36,9.8,22.7,0.0,244,56.5,17,45,100,51.493847,-0.1630249,29.0,0.3751516342163086,0,GMT,GMT
2025-06-22T14:00,24.7,24.2,0.0,0.0,41,10.4,21.3,0.0,241,59.4,100,82,98,51.493847,-0.1630249,29.0,0.3751516342163086,0,GMT,GMT
2025-06-22T15:00,23.7,22.6,0.0,0.0,47,11.7,20.9,0.0,233,58.0,73,99,97,51.493847,-0.1630249,29.0,0.3751516342163086,0,GMT,GMT
2025-06-22T16:00,22.5,23.7,0.0,0.0,52,12.3,19.7,0.0,226,55.1,72,100,0,51.493847,-0.1630249,29.0,0.3751516342163086,0,GMT,GMT
2025-06-22T17:00,21.9,23.9,0.0,0.0,55,12.4,19.1,0.0,224,56.5,32,50,0,51.493847,-0.1630249,29.0,0.3751516342163086,0,GMT,GMT
2025-06-22T18:00,21.4,21.6,0.0,0.0,58,12.8,19.1,0.0,226,58.0,29,19,0,51.493847,-0.1630249,29.0,0.3751516342163086,0,GMT,GMT
2025-06-22T19:00,21.0,20.0,0.0,0.0,58,12.3,18.8,0.0,229,51.5,8,22,0,51.493847,-0.1630249,29.0,0.3751516342163086,0,GMT,GMT
2025-06-22T20:00,20.1,21.7,0.0,0.0,62,12.7,17.8,0.0,242,51.1,38,33,0,51.493847,-0.1630249,29.0,0.3751516342163086,0,GMT,GMT
2025-06-22T21:00,19.4,17.4,0.0,0.0,68,13.3,17.9,0.0,230,49.3,13,90,0,51.493847,-0.1630249,29.0,0.3751516342163086,0,GMT,GMT
2025-06-22T22:00,18.6,16.6,0.0,0.0,72,13.4,17.3,0.0,219,40.3,4,44,0,51.493847,-0.1630249,29.0,0.3751516342163086,0,GMT,GMT
2025-06-22T23:00,18.1,17.6,0.0,0.0,75,13.5,16.6,0.0,222,40.0,8,5,0,51.493847,-0.1630249,29.0,0.3751516342163086,0,GMT,GMT
2025-06-23T00:00,17.7,18.3,0.0,0.0,77,13.7,16.2,0.0,227,40.7,37,49,55,51.493847,-0.1630249,29.0,0.3751516342163086,0,GMT,GMT
2025-06-23T01:00,17.7,17.6,0.0,0.0,75,13.3,16.1,0.0,229,40.0,65,30,85,51.493847,-0.1630249,29.0,0.3751516342163086,0,GMT,GMT
2025-06-23T02:00,17.4,20.8,0.1,0.0,79,13.7,15.6,0.1,242,46.1,87,38,94,51.493847,-0.1630249,29.0,0.3751516342163086,0,GMT,GMT
2025-06-23T03:00,17.3,18.6,0.2,0.0,79,13.6,15.7,0.2,247,47.9,22,8,0,51.493847,-0.1630249,29.0,0.3751516342163086,0,GMT,GMT
2025-06-23T04:00,16.6,20.2,0.0,0.0,80,13.1,14.6,0.0,258,46.4,92,8,55,51.493847,-0.1630249,29.0,0.3751516342163086,0,GMT,GMT
2025-06-23T05:00,16.2,20.6,0.1,0.0,76,12.0,13.8,0.1,275,51.5,54,1,0,51.493847,-0.1630249,29.0,0.3751516342163086,0,GMT,GMT
2025-06-23T06:00,16.4,20.7,0.0,0.0,60,8.6,13.0,0.0,278,49.3,13,0,0,51.493847,-0.1630249,29.0,0.3751516342163086,0,GMT,GMT
2025-06-23T07:00,16.5,18.2,0.0,0.0,52,6.6,13.0,0.0,281,48.6,0,1,12,51.493847,-0.1630249,29.0,0.3751516342163086,0,GMT,GMT
2025-06-23T08:00,17.2,19.3,0.0,0.0,50,6.7,13.6,0.0,286,47.5,26,0,5,51.493847,-0.1630249,29.0,0.3751516342163086,0,GMT,GMT
2025-06-23T09:00,18.4,20.4,0.0,0.0,45,6.1,14.7,0.0,284,50.4,36,0,0,51.493847,-0.1630249,29.0,0.3751516342163086,0,GMT,GMT
2025-06-23T10:00,19.4,19.6,0.0,0.0,39,5.2,15.7,0.0,281,50.8,53,31,22,51.493847,-0.1630249,29.0,0.3751516342163086,0,GMT,GMT
2025-06-23T11:00,20.0,20.0,0.0,0.0,37,4.8,16.3,0.0,278,50.8,49,51,89,51.493847,-0.1630249,29.0,0.3751516342163086,0,GMT,GMT
2025-06-23T12:00,20.8,19.5,0.0,0.0,35,4.6,17.0,0.0,273,50.0,0,64,29,51.493847,-0.1630249,29.0,0.3751516342163086,0,GMT,GMT
2025-06-23T13:00,21.2,20.2,0.0,0.0,32,3.7,17.6,0.0,271,51.1,12,68,8,51.493847,-0.1630249,29.0,0.3751516342163086,0,GMT,GMT
2025-06-23T14:00,22.0,20.5,0.0,0.0,30,3.4,18.2,0.0,268,51.8,1,70,0,51.493847,-0.1630249,29.0,0.3751516342163086,0,GMT,GMT
2025-06-23T15:00,22.7,19.8,0.0,0.0,28,3.2,18.9,0.0,266,52.2,49,75,0,51.493847,-0.1630249,29.0,0.3751516342163086,0,GMT,GMT
2025-06-23T16:00,21.2,19.8,0.0,0.0,34,4.8,17.0,0.0,268,50.4,21,1,0,51.493847,-0.1630249,29.0,0.3751516342163086,0,GMT,GMT
2025-06-23T17:00,21.5,17.5,0.0,0.0,34,4.8,17.7,0.0,260,49.3,4,0,0,51.493847,-0.1630249,29.0,0.3751516342163086,0,GMT,GMT
2025-06-23T18:00,20.9,18.8,0.0,0.0,37,5.5,17.1,0.0,267,45.7,0,0,0,51.493847,-0.1630249,29.0,0.3751516342163086,0,GMT,GMT
2025-06-23T19:00,20.0,17.2,0.0,0.0,40,6.1,16.5,0.0,263,46.1,0,0,0,51.493847,-0.1630249,29.0,0.3751516342163086,0,GMT,GMT
2025-06-23T20:00,19.1,16.3,0.0,0.0,45,6.9,15.9,0.0,263,40.7,1,0,23,51.493847,-0.1630249,29.0,0.3751516342163086,0,GMT,GMT
2025-06-23T21:00,18.1,14.3,0.0,0.0,51,7.7,15.4,0.0,256,37.8,0,0,8,51.493847,-0.1630249,29.0,0.3751516342163086,0,GMT,GMT
2025-06-23T22:00,16.8,15.3,0.0,0.0,57,8.2,14.1,0.0,258,35.6,0,0,1,51.493847,-0.1630249,29.0,0.3751516342163086,0,GMT,GMT
2025-06-23T23:00,16.0,12.4,0.0,0.0,59,8.1,13.7,0.0,257,34.9,0,8,15,51.493847,-0.1630249,29.0,0.3751516342163086,0,GMT,GMT
2025-06-24T00:00,15.6,12.1,0.0,0.0,62,8.4,13.4,0.0,249,27.7,0,74,1,51.493847,-0.1630249,29.0,0.3751516342163086,0,GMT,GMT
2025-06-24T01:00,14.5,11.6,0.0,0.0,70,9.1,12.5,0.0,244,27.7,0,39,20,51.493847,-0.1630249,29.0,0.3751516342163086,0,GMT,GMT
2025-06-24T02:00,14.3,11.4,0.0,0.0,72,9.4,12.5,0.0,239,26.3,2,22,3,51.493847,-0.1630249,29.0,0.3751516342163086,0,GMT,GMT
2025-06-24T03:00,14.1,12.4,0.0,0.0,74,9.6,12.2,0.0,234,28.4,8,52,45,51.493847,-0.1630249,29.0,0.3751516342163086,0,GMT,GMT
2025-06-24T04:00,14.0,12.0,0.1,0.0,76,9.9,12.2,0.1,229,28.1,72,18,0,51.493847,-0.1630249,29.0,0.3751516342163086,0,GMT,GMT
2025-06-24T05:00,14.4,9.0,0.0,0.0,77,10.3,13.2,0.0,218,27.0,54,43,24,51.493847,-0.1630249,29.0,0.3751516342163086,0,GMT,GMT
2025-06-24T06:00,15.1,13.4,0.1,0.0,76,10.9,13.4,0.1,223,31.7,100,99,6,51.493847,-0.1630249,29.0,0.3751516342163086,0,GMT,GMT
2025-06-24T07:00,15.8,13.4,0.1,0.0,79,12.2,14.5,0.1,227,32.8,100,95,24,51.493847,-0.1630249,29.0,0.3751516342163086,0,GMT,GMT
2025-06-24T08:00,16.9,16.4,0.0,0.0,77,12.9,15.4,0.0,225,37.1,100,100,76,51.493847,-0.1630249,29.0,0.3751516342163086,0,GMT,GMT
2025-06-24T09:00,18.1,19.5,0.0,0.0,75,13.5,16.3,0.0,233,49.0,27,100,90,51.493847,-0.1630249,29.0,0.3751516342163086,0,GMT,GMT
2025-06-24T10:00,20.0,23.2,0.0,0.0,68,14.0,17.9,0.0,243,55.1,100,47,51,51.493847,-0.1630249,29.0,0.3751516342163086,0,GMT,GMT
2025-06-24T11:00,21.4,22.3,0.0,0.0,64,14.2,19.5,0.0,247,54.7,100,100,100,51.493847,-0.1630249,29.0,0.3751516342163086,0,GMT,GMT
2025-06-24T12:00,22.0,21.1,0.0,0.0,62,14.4,20.3,0.0,246,52.6,30,100,94,51.493847,-0.1630249,29.0,0.3751516342163086,0,GMT,GMT
2025-06-24T13:00,23.5,20.9,0.0,0.0,58,14.7,22.0,0.0,251,51.5,46,2,82,51.493847,-0.1630249,29.0,0.3751516342163086,0,GMT,GMT
2025-06-24T14:00,23.8,20.1,0.0,0.0,58,15.1,22.5,0.0,249,51.1,70,8,1,51.493847,-0.1630249,29.0,0.3751516342163086,0,GMT,GMT
2025-06-24T15:00,24.1,20.4,0.0,0.0,56,14.9,22.8,0.0,254,51.8,63,0,0,51.493847,-0.1630249,29.0,0.3751516342163086,0,GMT,GMT
2025-06-24T16:00,24.4,18.7,0.0,0.0,55,14.8,23.2,0.0,252,48.6,32,3,0,51.493847,-0.1630249,29.0,0.3751516342163086,0,GMT,GMT
2025-06-24T17:00,24.2,18.4,0.0,0.0,56,14.8,23.1,0.0,245,46.4,20,0,0,51.493847,-0.1630249,29.0,0.3751516342163086,0,GMT,GMT
2025-06-24T18:00,24.1,18.8,0.0,0.0,56,14.7,22.9,0.0,248,44.3,11,0,0,51.493847,-0.1630249,29.0,0.3751516342163086,0,GMT,GMT
2025-06-24T19:00,23.5,16.1,0.0,0.0,59,14.9,22.8,0.0,250,49.0,8,0,0,51.493847,-0.1630249,29.0,0.3751516342163086,0,GMT,GMT
2025-06-24T20:00,21.9,12.8,0.0,0.0,67,15.5,21.9,0.0,236,36.7,15,0,0,51.493847,-0.1630249,29.0,0.3751516342163086,0,GMT,GMT
2025-06-24T21:00,20.4,11.5,0.0,0.0,77,16.2,20.9,0.0,228,28.8,34,0,0,51.493847,-0.1630249,29.0,0.3751516342163086,0,GMT,GMT
2025-06-24T22:00,19.8,10.7,0.0,0.0,80,16.2,20.3,0.0,248,25.2,20,0,0,51.493847,-0.1630249,29.0,0.3751516342163086,0,GMT,GMT
2025-06-24T23:00,19.0,12.3,0.0,0.0,78,15.0,18.9,0.0,260,27.0,17,0,0,51.493847,-0.1630249,29.0,0.3751516342163086,0,GMT,GMT
2025-06-25T00:00,18.1,12.1,0.0,0.0,79,14.3,17.7,0.0,258,27.4,1,0,0,51.493847,-0.1630249,29.0,0.3751516342163086,0,GMT,GMT
2025-06-25T01:00,17.6,11.8,0.0,0.0,83,14.6,17.4,0.0,249,26.3,3,0,0,51.493847,-0.1630249,29.0,0.3751516342163086,0,GMT,GMT
2025-06-25T02:00,16.9,10.2,0.0,0.0,86,14.6,16.9,0.0,257,25.9,6,0,0,51.493847,-0.1630249,29.0,0.3751516342163086,0,GMT,GMT
2025-06-25T03:00,16.3,9.3,0.0,0.0,89,14.6,16.5,0.0,252,22.0,100,0,0,51.493847,-0.1630249,29.0,0.3751516342163086,0,GMT,GMT
2025-06-25T04:00,16.3,9.3,0.0,0.0,89,14.5,16.5,0.0,241,20.5,100,0,1,51.493847,-0.1630249,29.0,0.3751516342163086,0,GMT,GMT
2025-06-25T05:00,16.5,10.6,0.0,0.0,86,14.2,16.3,0.0,246,24.5,100,0,23,51.493847,-0.1630249,29.0,0.3751516342163086,0,GMT,GMT
2025-06-25T06:00,17.0,11.1,0.0,0.0,81,13.8,16.6,0.0,261,26.6,100,0,34,51.493847,-0.1630249,29.0,0.3751516342163086,0,GMT,GMT
2025-06-25T07:00,18.1,12.5,0.0,0.0,74,13.5,17.4,0.0,264,30.2,100,0,77,51.493847,-0.1630249,29.0,0.3751516342163086,0,GMT,GMT
2025-06-25T08:00,19.2,10.8,0.0,0.0,69,13.4,18.7,0.0,268,30.2,100,0,37,51.493847,-0.1630249,29.0,0.3751516342163086,0,GMT,GMT
2025-06-25T09:00,20.5,9.2,0.0,0.0,63,13.3,20.2,0.0,268,27.4,82,0,6,51.493847,-0.1630249,29.0,0.3751516342163086,0,GMT,GMT
2025-06-25T10:00,22.3,8.3,0.0,0.0,56,13.1,22.1,0.0,252,24.8,61,0,88,51.493847,-0.1630249,29.0,0.3751516342163086,0,GMT,GMT
2025-06-25T11:00,24.0,9.1,0.0,0.0,49,12.6,24.5,0.0,249,27.7,70,1,33,51.493847,-0.1630249,29.0,0.3751516342163086,0,GMT,GMT
2025-06-25T12:00,24.9,6.0,0.0,0.0,47,12.8,26.3,0.0,249,26.6,2,100,100,51.493847,-0.1630249,29.0,0.3751516342163086,0,GMT,GMT
2025-06-25T13:00,25.1,5.1,0.0,0.0,47,13.1,26.8,0.0,222,21.6,6,53,100,51.493847,-0.1630249,29.0,0.3751516342163086,0,GMT,GMT
2025-06-25T14:00,25.3,4.9,0.0,0.0,47,13.3,25.9,0.0,219,19.4,6,33,100,51.493847,-0.1630249,29.0,0.3751516342163086,0,GMT,GMT
2025-06-25T15:00,26.2,6.3,0.0,0.0,45,13.4,26.4,0.0,231,20.2,30,16,83,51.493847,-0.1630249,29.0,0.3751516342163086,0,GMT,GMT
2025-06-25T16:00,27.3,9.1,0.0,0.0,40,12.6,26.8,0.0,232,24.8,55,29,0,51.493847,-0.1630249,29.0,0.3751516342163086,0,GMT,GMT
2025-06-25T17:00,27.1,8.9,0.0,0.0,41,12.9,26.7,0.0,228,25.6,0,10,3,51.493847,-0.1630249,29.0,0.3751516342163086,0,GMT,GMT
2025-06-25T18:00,26.0,10.4,0.0,0.0,49,14.6,26.0,0.0,206,26.6,0,12,38,51.493847,-0.1630249,29.0,0.3751516342163086,0,GMT,GMT
2025-06-25T19:00,24.3,11.7,0.0,0.0,58,15.4,24.4,0.0,211,29.9,0,7,17,51.493847,-0.1630249,29.0,0.3751516342163086,0,GMT,GMT
2025-06-25T20:00,23.0,9.4,0.0,0.0,62,15.4,23.4,0.0,209,28.4,0,4,92,51.493847,-0.1630249,29.0,0.3751516342163086,0,GMT,GMT
2025-06-25T21:00,21.9,9.2,0.0,0.0,67,15.4,22.4,0.0,213,22.0,0,7,99,51.493847,-0.1630249,29.0,0.3751516342163086,0,GMT,GMT
2025-06-25T22:00,20.8,8.6,0.0,0.0,71,15.2,21.3,0.0,216,20.5,0,0,100,51.493847,-0.1630249,29.0,0.3751516342163086,0,GMT,GMT
2025-06-25T23:00,19.9,9.0,0.0,0.0,73,14.9,20.2,0.0,218,20.5,0,0,90,51.493847,-0.1630249,29.0,0.3751516342163086,0,GMT,GMT
2025-06-26T00:00,19.1,9.4,0.0,0.0,75,14.6,19.2,0.0,234,20.5,0,6,100,51.493847,-0.1630249,29.0,0.3751516342163086,0,GMT,GMT
2025-06-26T01:00,19.7,8.2,0.0,0.0,74,14.8,20.1,0.0,234,19.1,0,85,100,51.493847,-0.1630249,29.0,0.3751516342163086,0,GMT,GMT
2025-06-26T02:00,19.1,9.4,0.0,0.0,76,14.8,19.3,0.0,244,21.6,11,32,100,51.493847,-0.1630249,29.0,0.3751516342163086,0,GMT,GMT
2025-06-26T03:00,18.6,9.3,0.0,0.0,80,15.0,18.9,0.0,238,21.6,0,57,100,51.493847,-0.1630249,29.0,0.3751516342163086,0,GMT,GMT
2025-06-26T04:00,18.1,10.6,0.0,0.0,82,15.0,18.2,0.0,246,24.5,0,66,98,51.493847,-0.1630249,29.0,0.3751516342163086,0,GMT,GMT
2025-06-26T05:00,17.8,10.4,0.0,0.0,84,15.0,17.9,0.0,238,25.2,7,22,97,51.493847,-0.1630249,29.0,0.3751516342163086,0,GMT,GMT
2025-06-26T06:00,18.2,12.7,0.0,0.0,83,15.2,18.1,0.0,238,30.2,25,2,10,51.493847,-0.1630249,29.0,0.3751516342163086,0,GMT,GMT
2025-06-26T07:00,18.9,15.5,0.0,0.0,77,14.7,18.2,0.0,237,37.8,100,1,18,51.493847,-0.1630249,29.0,0.3751516342163086,0,GMT,GMT
2025-06-26T08:00,19.9,19.8,0.0,0.0,69,14.0,18.3,0.0,242,46.4,100,7,82,51.493847,-0.1630249,29.0,0.3751516342163086,0,GMT,GMT
2025-06-26T09:00,19.7,18.3,2.6,0.0,76,15.4,18.9,2.6,239,49.7,2,92,95,51.493847,-0.1630249,29.0,0.3751516342163086,0,GMT,GMT
2025-06-26T10:00,20.7,17.2,0.9,0.0,73,15.6,20.1,0.9,240,46.4,100,95,0,51.493847,-0.1630249,29.0,0.3751516342163086,0,GMT,GMT
2025-06-26T11:00,20.9,19.1,0.0,0.0,71,15.4,19.9,0.0,238,43.2,58,16,0,51.493847,-0.1630249,29.0,0.3751516342163086,0,GMT,GMT
2025-06-26T12:00,22.7,21.3,0.1,0.0,62,15.0,21.5,0.1,241,52.9,18,41,0,51.493847,-0.1630249,29.0,0.3751516342163086,0,GMT,GMT
2025-06-26T13:00,24.1,22.0,0.1,0.0,54,14.3,23.0,0.1,253,56.9,43,4,20,51.493847,-0.1630249,29.0,0.3751516342163086,0,GMT,GMT
2025-06-26T14:00,23.3,22.9,0.0,0.0,45,10.8,21.0,0.0,266,57.6,39,0,87,51.493847,-0.1630249,29.0,0.3751516342163086,0,GMT,GMT
2025-06-26T15:00,23.2,20.5,0.0,0.0,43,10.0,20.7,0.0,257,56.2,10,0,97,51.493847,-0.1630249,29.0,0.3751516342163086,0,GMT,GMT
2025-06-26T16:00,22.7,21.6,0.0,0.0,40,8.4,19.3,0.0,263,53.6,7,0,96,51.493847,-0.1630249,29.0,0.3751516342163086,0,GMT,GMT
2025-06-26T17:00,21.8,20.0,0.0,0.0,41,7.8,18.3,0.0,266,52.6,17,0,44,51.493847,-0.1630249,29.0,0.3751516342163086,0,GMT,GMT
2025-06-26T18:00,20.8,19.1,0.0,0.0,44,8.2,17.5,0.0,272,49.0,8,0,6,51.493847,-0.1630249,29.0,0.3751516342163086,0,GMT,GMT
2025-06-26T19:00,20.2,16.0,0.0,0.0,46,8.1,17.3,0.0,282,45.7,16,5,98,51.493847,-0.1630249,29.0,0.3751516342163086,0,GMT,GMT
2025-06-26T20:00,19.3,15.3,0.0,0.0,49,8.5,16.7,0.0,287,37.4,14,15,95,51.493847,-0.1630249,29.0,0.3751516342163086,0,GMT,GMT
2025-06-26T21:00,18.2,13.6,0.0,0.0,55,9.0,15.9,0.0,277,34.9,1,15,100,51.493847,-0.1630249,29.0,0.3751516342163086,0,GMT,GMT
2025-06-26T22:00,17.5,12.1,0.0,0.0,57,8.8,15.4,0.0,273,30.6,0,97,100,51.493847,-0.1630249,29.0,0.3751516342163086,0,GMT,GMT
2025-06-26T23:00,17.2,10.9,0.0,0.0,56,8.4,15.2,0.0,261,27.0,0,97,100,51.493847,-0.1630249,29.0,0.3751516342163086,0,GMT,GMT
2025-06-27T00:00,16.9,10.1,0.0,0.0,58,8.5,15.1,0.0,258,24.8,0,100,100,51.493847,-0.1630249,29.0,0.3751516342163086,0,GMT,GMT
2025-06-27T01:00,14.5,7.5,0.7,0.0,70,9.1,13.2,0.7,278,22.7,0,100,100,51.493847,-0.1630249,29.0,0.3751516342163086,0,GMT,GMT
2025-06-27T02:00,14.1,4.2,0.6,0.0,74,9.6,13.4,0.6,295,17.6,0,100,100,51.493847,-0.1630249,29.0,0.3751516342163086,0,GMT,GMT
2025-06-27T03:00,13.8,3.7,0.5,0.0,79,10.1,13.3,0.5,235,11.2,0,100,39,51.493847,-0.1630249,29.0,0.3751516342163086,0,GMT,GMT
2025-06-27T04:00,13.8,2.8,0.0,0.0,80,10.4,13.5,0.0,195,10.1,3,100,0,51.493847,-0.1630249,29.0,0.3751516342163086,0,GMT,GMT
2025-06-27T05:00,14.0,4.9,0.0,0.0,82,11.0,13.6,0.0,172,12.6,0,2,46,51.493847,-0.1630249,29.0,0.3751516342163086,0,GMT,GMT
2025-06-27T06:00,15.1,4.9,0.0,0.0,80,11.7,14.9,0.0,182,14.4,2,1,29,51.493847,-0.1630249,29.0,0.3751516342163086,0,GMT,GMT
2025-06-27T07:00,16.9,8.8,0.0,0.0,75,12.5,16.4,0.0,208,22.3,0,2,0,51.493847,-0.1630249,29.0,0.3751516342163086,0,GMT,GMT
2025-06-27T08:00,18.6,10.6,0.0,0.0,70,13.1,18.1,0.0,224,28.1,3,1,12,51.493847,-0.1630249,29.0,0.3751516342163086,0,GMT,GMT
2025-06-27T09:00,20.7,15.9,0.0,0.0,58,12.1,19.3,0.0,243,39.6,60,0,54,51.493847,-0.1630249,29.0,0.3751516342163086,0,GMT,GMT
2025-06-27T10:00,22.6,15.2,0.0,0.0,51,12.0,21.0,0.0,244,40.3,100,0,3,51.493847,-0.1630249,29.0,0.3751516342163086,0,GMT,GMT
2025-06-27T11:00,23.8,15.8,0.0,0.0,50,12.9,22.9,0.0,240,40.3,100,1,17,51.493847,-0.1630249,29.0,0.3751516342163086,0,GMT,GMT
2025-06-27T12:00,24.6,14.9,0.0,0.0,50,13.5,23.8,0.0,239,40.3,100,0,91,51.493847,-0.1630249,29.0,0.3751516342163086,0,GMT,GMT
2025-06-27T13:00,25.7,18.5,0.0,0.0,46,13.2,24.4,0.0,237,46.4,13,0,58,51.493847,-0.1630249,29.0,0.3751516342163086,0,GMT,GMT
2025-06-27T14:00,26.9,16.5,0.0,0.0,42,12.9,26.4,0.0,238,45.7,10,6,100,51.493847,-0.1630249,29.0,0.3751516342163086,0,GMT,GMT
2025-06-27T15:00,26.7,19.7,0.0,0.0,45,13.7,25.5,0.0,218,47.2,43,13,2,51.493847,-0.1630249,29.0,0.3751516342163086,0,GMT,GMT
2025-06-27T16:00,24.8,19.0,0.0,0.0,56,15.3,23.8,0.0,220,51.5,11,0,0,51.493847,-0.1630249,29.0,0.3751516342163086,0,GMT,GMT
2025-06-27T17:00,24.0,18.3,0.0,0.0,60,15.7,23.2,0.0,220,46.8,16,0,0,51.493847,-0.1630249,29.0,0.3751516342163086,0,GMT,GMT
2025-06-27T18:00,22.5,18.9,0.0,0.0,65,15.6,21.6,0.0,222,46.8,4,0,0,51.493847,-0.1630249,29.0,0.3751516342163086,0,GMT,GMT
2025-06-27T19:00,22.1,19.0,0.0,0.0,65,15.2,21.1,0.0,228,45.0,28,0,0,51.493847,-0.1630249,29.0,0.3751516342163086,0,GMT,GMT
2025-06-27T20:00,20.6,17.0,0.0,0.0,76,16.2,20.3,0.0,234,45.0,6,0,12,51.493847,-0.1630249,29.0,0.3751516342163086,0,GMT,GMT
2025-06-27T21:00,19.7,15.1,0.0,0.0,80,16.2,19.7,0.0,231,38.9,3,0,2,51.493847,-0.1630249,29.0,0.3751516342163086,0,GMT,GMT
2025-06-27T22:00,19.0,14.4,0.0,0.0,84,16.2,19.0,0.0,229,34.2,4,0,0,51.493847,-0.1630249,29.0,0.3751516342163086,0,GMT,GMT
2025-06-27T23:00,18.6,14.7,0.0,0.0,86,16.3,18.7,0.0,229,32.8,43,0,0,51.493847,-0.1630249,29.0,0.3751516342163086,0,GMT,GMT
2025-06-28T00:00,18.6,14.7,0.0,0.0,88,16.5,18.7,0.0,237,33.5,100,0,0,51.493847,-0.1630249,29.0,0.3751516342163086,0,GMT,GMT
2025-06-28T01:00,18.8,13.8,0.0,0.0,87,16.5,19.0,0.0,235,31.3,33,1,0,51.493847,-0.1630249,29.0,0.3751516342163086,0,GMT,GMT
2025-06-28T02:00,18.6,13.8,0.0,0.0,88,16.6,18.9,0.0,229,31.3,66,0,0,51.493847,-0.1630249,29.0,0.3751516342163086,0,GMT,GMT
2025-06-28T03:00,18.5,14.5,0.0,0.0,90,16.7,18.7,0.0,229,33.1,100,15,0,51.493847,-0.1630249,29.0,0.3751516342163086,0,GMT,GMT
2025-06-28T04:00,18.8,13.1,0.0,0.0,89,16.9,19.3,0.0,228,35.3,100,41,0,51.493847,-0.1630249,29.0,0.3751516342163086,0,GMT,GMT
2025-06-28T05:00,18.9,12.3,0.0,0.0,88,17.0,19.6,0.0,224,28.4,100,0,0,51.493847,-0.1630249,29.0,0.3751516342163086,0,GMT,GMT
2025-06-28T06:00,19.3,14.7,0.0,0.0,87,17.1,19.7,0.0,237,33.5,100,0,0,51.493847,-0.1630249,29.0,0.3751516342163086,0,GMT,GMT
2025-06-28T07:00,20.3,16.4,0.0,0.0,82,17.2,20.5,0.0,245,39.2,100,0,0,51.493847,-0.1630249,29.0,0.3751516342163086,0,GMT,GMT
2025-06-28T08:00,21.3,14.0,0.0,0.0,78,17.3,21.9,0.0,244,37.4,100,0,0,51.493847,-0.1630249,29.0,0.3751516342163086,0,GMT,GMT
2025-06-28T09:00,22.4,15.2,0.0,0.0,73,17.3,22.8,0.0,243,36.7,100,0,0,51.493847,-0.1630249,29.0,0.3751516342163086,0,GMT,GMT
2025-06-28T10:00,22.5,14.7,0.0,0.0,72,17.3,23.0,0.0,242,37.1,100,0,0,51.493847,-0.1630249,29.0,0.3751516342163086,0,GMT,GMT
2025-06-28T11:00,23.7,16.0,0.0,0.0,67,17.1,23.9,0.0,247,39.2,69,0,0,51.493847,-0.1630249,29.0,0.3751516342163086,0,GMT,GMT
2025-06-28T12:00,24.8,16.6,0.1,0.0,62,17.0,24.8,0.1,248,41.0,100,0,0,51.493847,-0.1630249,29.0,0.3751516342163086,0,GMT,GMT
2025-06-28T13:00,27.5,15.9,0.0,0.0,50,16.0,27.9,0.0,244,41.4,21,0,0,51.493847,-0.1630249,29.0,0.3751516342163086,0,GMT,GMT
2025-06-28T14:00,28.8,15.4,0.0,0.0,43,15.0,28.9,0.0,246,41.0,3,0,0,51.493847,-0.1630249,29.0,0.3751516342163086,0,GMT,GMT
2025-06-28T15:00,29.3,15.1,0.0,0.0,42,14.9,29.4,0.0,245,40.3,3,0,0,51.493847,-0.1630249,29.0,0.3751516342163086,0,GMT,GMT
2025-06-28T16:00,29.8,14.6,0.0,0.0,40,14.6,29.4,0.0,254,39.2,11,2,0,51.493847,-0.1630249,29.0,0.3751516342163086,0,GMT,GMT
2025-06-28T17:00,30.1,15.8,0.0,0.0,38,14.2,29.1,0.0,253,39.2,5,0,0,51.493847,-0.1630249,29.0,0.3751516342163086,0,GMT,GMT
2025-06-28T18:00,28.5,17.1,0.0,0.0,46,15.7,27.9,0.0,231,41.0,6,1,0,51.493847,-0.1630249,29.0,0.3751516342163086,0,GMT,GMT
2025-06-28T19:00,25.6,16.3,0.0,0.0,61,17.6,26.0,0.0,228,45.0,1,0,0,51.493847,-0.1630249,29.0,0.3751516342163086,0,GMT,GMT
2025-06-28T20:00,25.4,13.9,0.0,0.0,62,17.6,26.1,0.0,227,38.2,7,0,0,51.493847,-0.1630249,29.0,0.3751516342163086,0,GMT,GMT
2025-06-28T21:00,24.5,11.4,0.0,0.0,65,17.5,25.5,0.0,235,32.0,6,0,0,51.493847,-0.1630249,29.0,0.3751516342163086,0,GMT,GMT
2025-06-28T22:00,23.6,12.4,0.0,0.0,66,16.9,24.2,0.0,270,27.7,5,0,0,51.493847,-0.1630249,29.0,0.3751516342163086,0,GMT,GMT
2025-06-28T23:00,22.0,13.3,0.0,0.0,69,16.1,22.1,0.0,279,32.4,0,0,0,51.493847,-0.1630249,29.0,0.3751516342163086,0,GMT,GMT
2025-06-29T00:00,20.7,11.9,0.0,0.0,74,16.0,21.0,0.0,269,29.9,0,0,0,51.493847,-0.1630249,29.0,0.3751516342163086,0,GMT,GMT
2025-06-29T01:00,20.3,10.3,0.0,0.0,78,16.3,21.0,0.0,263,24.1,3,0,0,51.493847,-0.1630249,29.0,0.3751516342163086,0,GMT,GMT
2025-06-29T02:00,19.6,10.7,0.0,0.0,80,16.1,20.2,0.0,265,24.1,4,0,0,51.493847,-0.1630249,29.0,0.3751516342163086,0,GMT,GMT
2025-06-29T03:00,18.8,10.9,0.0,0.0,82,15.7,19.1,0.0,279,24.8,35,0,0,51.493847,-0.1630249,29.0,0.3751516342163086,0,GMT,GMT
2025-06-29T04:00,18.0,9.6,0.0,0.0,84,15.3,18.4,0.0,286,25.6,100,0,0,51.493847,-0.1630249,29.0,0.3751516342163086,0,GMT,GMT
2025-06-29T05:00,18.1,7.8,0.0,0.0,83,15.2,18.7,0.0,293,22.0,100,0,0,51.493847,-0.1630249,29.0,0.3751516342163086,0,GMT,GMT
2025-06-29T06:00,18.7,8.1,0.0,0.0,80,15.1,19.2,0.0,305,21.6,100,0,0,51.493847,-0.1630249,29.0,0.3751516342163086,0,GMT,GMT
2025-06-29T07:00,19.5,7.3,0.0,0.0,75,14.9,20.1,0.0,318,21.2,100,0,0,51.493847,-0.1630249,29.0,0.3751516342163086,0,GMT,GMT
2025-06-29T08:00,20.8,5.4,0.0,0.0,68,14.7,21.5,0.0,323,19.8,99,0,0,51.493847,-0.1630249,29.0,0.3751516342163086,0,GMT,GMT
2025-06-29T09:00,22.3,4.2,0.0,0.0,62,14.6,23.2,0.0,324,17.3,96,0,0,51.493847,-0.1630249,29.0,0.3751516342163086,0,GMT,GMT
2025-06-29T10:00,23.9,2.6,0.0,0.0,55,14.4,25.0,0.0,304,16.2,63,0,0,51.493847,-0.1630249,29.0,0.3751516342163086,0,GMT,GMT
2025-06-29T11:00,25.9,3.2,0.0,0.0,47,13.6,27.6,0.0,254,15.8,66,0,0,51.493847,-0.1630249,29.0,0.3751516342163086,0,GMT,GMT
2025-06-29T12:00,27.6,5.9,0.0,0.0,40,12.9,29.0,0.0,256,21.2,4,0,0,51.493847,-0.1630249,29.0,0.3751516342163086,0,GMT,GMT
2025-06-29T13:00,28.3,6.3,0.0,0.0,40,13.3,29.6,0.0,265,22.0,23,0,0,51.493847,-0.1630249,29.0,0.3751516342163086,0,GMT,GMT
2025-06-29T14:00,28.7,8.5,0.0,0.0,39,13.4,29.8,0.0,276,27.7,6,0,0,51.493847,-0.1630249,29.0,0.3751516342163086,0,GMT,GMT
2025-06-29T15:00,29.0,7.5,0.0,0.0,38,13.4,30.0,0.0,278,27.7,8,2,66,51.493847,-0.1630249,29.0,0.3751516342163086,0,GMT,GMT
2025-06-29T16:00,29.3,6.3,0.0,0.0,37,13.2,29.6,0.0,301,24.5,0,2,91,51.493847,-0.1630249,29.0,0.3751516342163086,0,GMT,GMT
2025-06-29T17:00,29.7,5.1,0.0,0.0,36,13.0,29.9,0.0,309,22.0,8,4,100,51.493847,-0.1630249,29.0,0.3751516342163086,0,GMT,GMT
2025-06-29T18:00,29.0,6.5,0.0,0.0,38,13.4,29.1,0.0,240,19.4,15,13,98,51.493847,-0.1630249,29.0,0.3751516342163086,0,GMT,GMT
2025-06-29T19:00,26.9,10.4,0.0,0.0,50,15.7,27.3,0.0,203,27.0,6,0,56,51.493847,-0.1630249,29.0,0.3751516342163086,0,GMT,GMT
2025-06-29T20:00,24.3,14.8,0.0,0.0,62,16.4,24.3,0.0,175,35.3,0,0,0,51.493847,-0.1630249,29.0,0.3751516342163086,0,GMT,GMT
2025-06-29T21:00,23.0,9.6,0.0,0.0,65,16.1,23.7,0.0,174,35.3,0,0,0,51.493847,-0.1630249,29.0,0.3751516342163086,0,GMT,GMT
2025-06-29T22:00,22.5,7.0,0.0,0.0,67,16.1,23.6,0.0,170,22.7,1,0,7,51.493847,-0.1630249,29.0,0.3751516342163086,0,GMT,GMT
2025-06-29T23:00,21.7,4.4,0.0,0.0,71,16.1,23.1,0.0,173,17.3,3,0,14,51.493847,-0.1630249,29.0,0.3751516342163086,0,GMT,GMT
2025-06-30T00:00,21.2,4.4,0.0,0.0,73,16.3,22.8,0.0,150,11.9,8,0,57,51.493847,-0.1630249,29.0,0.3751516342163086,0,GMT,GMT
2025-06-30T01:00,20.1,6.7,0.0,0.0,76,15.7,21.1,0.0,114,16.6,2,0,81,51.493847,-0.1630249,29.0,0.3751516342163086,0,GMT,GMT
2025-06-30T02:00,19.6,5.8,0.0,0.0,76,15.3,20.5,0.0,106,15.8,0,0,0,51.493847,-0.1630249,29.0,0.3751516342163086,0,GMT,GMT
2025-06-30T03:00,19.1,5.2,0.0,0.0,78,15.1,20.1,0.0,96,13.7,0,0,0,51.493847,-0.1630249,29.0,0.3751516342163086,0,GMT,GMT
2025-06-30T04:00,18.8,5.9,0.0,0.0,78,14.9,19.5,0.0,88,14.4,1,0,0,51.493847,-0.1630249,29.0,0.3751516342163086,0,GMT,GMT
2025-06-30T05:00,18.7,5.5,0.0,0.0,79,14.9,19.5,0.0,81,14.0,9,0,0,51.493847,-0.1630249,29.0,0.3751516342163086,0,GMT,GMT
2025-06-30T06:00,19.4,4.7,0.0,0.0,74,14.7,20.3,0.0,81,15.1,17,0,0,51.493847,-0.1630249,29.0,0.3751516342163086,0,GMT,GMT
2025-06-30T07:00,21.0,4.7,0.0,0.0,66,14.4,21.7,0.0,86,15.8,18,0,0,51.493847,-0.1630249,29.0,0.3751516342163086,0,GMT,GMT
2025-06-30T08:00,23.0,5.2,0.0,0.0,58,14.2,23.6,0.0,94,18.0,18,0,0,51.493847,-0.1630249,29.0,0.3751516342163086,0,GMT,GMT
2025-06-30T09:00,25.3,6.1,0.0,0.0,51,14.4,26.0,0.0,109,20.9,3,0,0,51.493847,-0.1630249,29.0,0.3751516342163086,0,GMT,GMT
2025-06-30T10:00,27.5,8.0,0.0,0.0,48,15.5,29.1,0.0,138,24.5,43,0,0,51.493847,-0.1630249,29.0,0.3751516342163086,0,GMT,GMT
2025-06-30T11:00,29.3,10.2,0.0,0.0,41,14.6,30.3,0.0,166,29.9,42,0,0,51.493847,-0.1630249,29.0,0.3751516342163086,0,GMT,GMT
2025-06-30T12:00,30.5,11.4,0.0,0.0,36,13.9,31.4,0.0,177,33.1,19,10,0,51.493847,-0.1630249,29.0,0.3751516342163086,0,GMT,GMT
2025-06-30T13:00,31.0,10.7,0.0,0.0,38,15.1,32.7,0.0,168,32.4,4,0,0,51.493847,-0.1630249,29.0,0.3751516342163086,0,GMT,GMT
2025-06-30T14:00,31.7,11.5,0.0,0.0,36,15.0,33.1,0.0,178,33.8,3,0,1,51.493847,-0.1630249,29.0,0.3751516342163086,0,GMT,GMT
2025-06-30T15:00,31.9,12.2,0.0,0.0,34,14.1,32.3,0.0,193,34.6,1,0,0,51.493847,-0.1630249,29.0,0.3751516342163086,0,GMT,GMT
2025-06-30T16:00,31.8,11.7,0.0,0.0,32,13.0,31.3,0.0,205,34.6,0,0,0,51.493847,-0.1630249,29.0,0.3751516342163086,0,GMT,GMT
2025-06-30T17:00,31.3,10.8,0.0,0.0,32,12.8,30.6,0.0,210,32.8,0,0,0,51.493847,-0.1630249,29.0,0.3751516342163086,0,GMT,GMT
2025-06-30T18:00,30.6,10.5,0.0,0.0,35,13.3,30.1,0.0,207,30.6,0,0,0,51.493847,-0.1630249,29.0,0.3751516342163086,0,GMT,GMT
2025-06-30T19:00,29.8,9.5,0.0,0.0,39,14.3,29.8,0.0,202,28.8,0,0,0,51.493847,-0.1630249,29.0,0.3751516342163086,0,GMT,GMT
2025-06-30T20:00,28.8,8.3,0.0,0.0,44,15.2,29.3,0.0,186,24.5,0,0,0,51.493847,-0.1630249,29.0,0.3751516342163086,0,GMT,GMT
2025-06-30T21:00,27.7,8.8,0.0,0.0,48,15.7,28.4,0.0,169,20.2,0,0,0,51.493847,-0.1630249,29.0,0.3751516342163086,0,GMT,GMT
2025-06-30T22:00,26.6,8.2,0.0,0.0,52,16.0,27.5,0.0,172,20.9,0,0,0,51.493847,-0.1630249,29.0,0.3751516342163086,0,GMT,GMT
2025-06-30T23:00,25.7,5.8,0.0,0.0,56,16.3,27.0,0.0,178,19.1,0,0,1,51.493847,-0.1630249,29.0,0.3751516342163086,0,GMT,GMT
2025-07-01T00:00,25.1,4.6,0.0,0.0,57,16.0,26.5,0.0,191,13.3,0,0,0,51.493847,-0.1630249,29.0,0.3751516342163086,0,GMT,GMT
2025-07-01T01:00,24.6,1.8,0.0,0.0,61,16.6,26.7,0.0,217,8.3,0,23,12,51.493847,-0.1630249,29.0,0.3751516342163086,0,GMT,GMT
2025-07-01T02:00,24.1,3.0,0.0,0.0,63,16.6,26.0,0.0,232,6.5,2,17,4,51.493847,-0.1630249,29.0,0.3751516342163086,0,GMT,GMT
2025-07-01T03:00,23.8,1.1,0.0,0.0,64,16.6,25.9,0.0,342,6.1,0,36,0,51.493847,-0.1630249,29.0,0.3751516342163086,0,GMT,GMT
2025-07-01T04:00,23.6,2.2,0.0,0.0,63,16.2,25.4,0.0,318,4.0,0,45,0,51.493847,-0.1630249,29.0,0.3751516342163086,0,GMT,GMT
2025-07-01T05:00,23.6,3.1,0.0,0.0,63,16.1,25.3,0.0,320,10.8,0,47,7,51.493847,-0.1630249,29.0,0.3751516342163086,0,GMT,GMT
2025-07-01T06:00,24.2,4.2,0.0,0.0,60,16.0,25.7,0.0,25,12.2,0,19,11,51.493847,-0.1630249,29.0,0.3751516342163086,0,GMT,GMT
2025-07-01T07:00,25.6,4.8,0.0,0.0,54,15.6,26.8,0.0,34,15.8,0,1,5,51.493847,-0.1630249,29.0,0.3751516342163086,0,GMT,GMT
2025-07-01T08:00,27.2,4.6,0.0,0.0,48,15.1,28.2,0.0,51,16.9,0,4,7,51.493847,-0.1630249,29.0,0.3751516342163086,0,GMT,GMT
2025-07-01T09:00,28.6,3.0,0.0,0.0,44,15.2,30.2,0.0,52,16.6,0,35,95,51.493847,-0.1630249,29.0,0.3751516342163086,0,GMT,GMT
2025-07-01T10:00,29.8,0.6,0.0,0.0,42,15.5,32.2,0.0,214,14.8,0,27,100,51.493847,-0.1630249,29.0,0.3751516342163086,0,GMT,GMT
2025-07-01T11:00,30.9,4.1,0.0,0.0,39,15.4,33.1,0.0,236,18.0,0,28,100,51.493847,-0.1630249,29.0,0.3751516342163086,0,GMT,GMT
2025-07-01T12:00,32.2,7.6,0.0,0.0,33,14.1,33.9,0.0,243,25.2,0,21,4,51.493847,-0.1630249,29.0,0.3751516342163086,0,GMT,GMT
2025-07-01T13:00,32.5,8.8,0.0,0.0,31,13.2,33.2,0.0,250,28.8,0,6,43,51.493847,-0.1630249,29.0,0.3751516342163086,0,GMT,GMT
2025-07-01T14:00,33.3,8.4,0.0,0.0,28,12.5,34.5,0.0,245,28.1,0,7,100,51.493847,-0.1630249,29.0,0.3751516342163086,0,GMT,GMT
2025-07-01T15:00,33.5,9.1,0.0,0.0,27,12.0,33.4,0.0,255,28.8,0,11,100,51.493847,-0.1630249,29.0,0.3751516342163086,0,GMT,GMT
2025-07-01T16:00,33.0,8.3,0.0,0.0,28,12.0,32.4,0.0,257,28.1,0,19,100,51.493847,-0.1630249,29.0,0.3751516342163086,0,GMT,GMT
2025-07-01T17:00,32.2,10.8,0.0,0.0,31,13.2,31.6,0.0,266,29.2,0,0,100,51.493847,-0.1630249,29.0,0.3751516342163086,0,GMT,GMT
2025-07-01T18:00,31.2,10.0,0.0,0.0,35,14.1,31.1,0.0,277,30.2,0,5,67,51.493847,-0.1630249,29.0,0.3751516342163086,0,GMT,GMT
2025-07-01T19:00,30.9,9.7,0.0,0.0,37,14.4,30.9,0.0,271,26.6,0,11,29,51.493847,-0.1630249,29.0,0.3751516342163086,0,GMT,GMT
2025-07-01T20:00,29.4,7.0,0.0,0.0,41,14.7,29.9,0.0,357,24.5,8,37,24,51.493847,-0.1630249,29.0,0.3751516342163086,0,GMT,GMT
2025-07-01T21:00,26.6,10.5,0.0,0.0,56,17.2,27.6,0.0,27,25.9,21,23,41,51.493847,-0.1630249,29.0,0.3751516342163086,0,GMT,GMT
2025-07-01T22:00,25.3,6.9,0.0,0.0,60,16.9,26.7,0.0,37,25.2,6,99,0,51.493847,-0.1630249,29.0,0.3751516342163086,0,GMT,GMT
2025-07-01T23:00,24.1,9.3,0.0,0.0,63,16.6,25.1,0.0,24,22.7,14,3,0,51.493847,-0.1630249,29.0,0.3751516342163086,0,GMT,GMT
2025-07-02T00:00,22.8,8.4,0.0,0.0,67,16.4,23.8,0.0,19,23.0,13,0,3,51.493847,-0.1630249,29.0,0.3751516342163086,0,GMT,GMT
2025-07-02T01:00,20.5,7.4,0.0,0.0,75,16.0,21.5,0.0,18,20.2,3,28,4,51.493847,-0.1630249,29.0,0.3751516342163086,0,GMT,GMT
2025-07-02T02:00,19.9,6.9,0.0,0.0,77,15.8,20.9,0.0,37,18.7,0,100,33,51.493847,-0.1630249,29.0,0.3751516342163086,0,GMT,GMT
2025-07-02T03:00,19.7,6.3,0.0,0.0,77,15.6,20.6,0.0,35,18.0,0,100,91,51.493847,-0.1630249,29.0,0.3751516342163086,0,GMT,GMT
2025-07-02T04:00,19.4,3.9,0.0,0.0,78,15.5,20.7,0.0,16,16.9,0,100,99,51.493847,-0.1630249,29.0,0.3751516342163086,0,GMT,GMT
2025-07-02T05:00,19.2,6.7,0.1,0.0,79,15.4,20.0,0.1,3,17.3,6,100,100,51.493847,-0.1630249,29.0,0.3751516342163086,0,GMT,GMT
2025-07-02T06:00,19.0,5.2,0.0,0.0,79,15.2,20.0,0.0,22,18.7,14,100,100,51.493847,-0.1630249,29.0,0.3751516342163086,0,GMT,GMT
2025-07-02T07:00,19.2,3.5,0.2,0.0,78,15.3,20.5,0.2,21,14.8,2,100,100,51.493847,-0.1630249,29.0,0.3751516342163086,0,GMT,GMT
2025-07-02T08:00,19.5,2.8,1.1,0.0,79,15.8,21.0,1.1,333,14.4,32,100,100,51.493847,-0.1630249,29.0,0.3751516342163086,0,GMT,GMT
2025-07-02T09:00,19.9,4.5,1.5,0.0,79,16.1,21.3,1.5,299,14.8,100,100,100,51.493847,-0.1630249,29.0,0.3751516342163086,0,GMT,GMT
2025-07-02T10:00,20.3,6.4,0.8,0.0,77,16.1,21.5,0.8,286,16.6,100,93,100,51.493847,-0.1630249,29.0,0.3751516342163086,0,GMT,GMT
2025-07-02T11:00,20.6,7.8,0.1,0.0,74,15.9,21.5,0.1,296,19.8,100,38,96,51.493847,-0.1630249,29.0,0.3751516342163086,0,GMT,GMT
2025-07-02T12:00,20.8,13.4,0.3,0.0,70,15.2,20.6,0.3,303,32.8,100,17,100,51.493847,-0.1630249,29.0,0.3751516342163086,0,GMT,GMT
2025-07-02T13:00,19.3,12.8,0.0,0.0,70,13.6,18.6,0.0,301,35.6,74,29,100,51.493847,-0.1630249,29.0,0.3751516342163086,0,GMT,GMT
2025-07-02T14:00,20.2,11.3,0.0,0.0,62,12.7,19.4,0.0,306,32.4,18,1,64,51.493847,-0.1630249,29.0,0.3751516342163086,0,GMT,GMT
2025-07-02T15:00,22.3,12.0,0.0,0.0,45,9.8,21.4,0.0,305,32.0,2,0,67,51.493847,-0.1630249,29.0,0.3751516342163086,0,GMT,GMT
2025-07-02T16:00,22.9,16.4,0.0,0.0,35,6.8,20.0,0.0,310,40.3,7,3,63,51.493847,-0.1630249,29.0,0.3751516342163086,0,GMT,GMT
2025-07-02T17:00,22.8,14.0,0.0,0.0,32,5.1,19.5,0.0,311,41.0,0,0,10,51.493847,-0.1630249,29.0,0.3751516342163086,0,GMT,GMT
2025-07-02T18:00,22.9,12.5,0.0,0.0,29,4.2,19.7,0.0,311,33.8,0,19,0,51.493847,-0.1630249,29.0,0.3751516342163086,0,GMT,GMT
2025-07-02T19:00,21.2,12.2,0.0,0.0,36,5.4,18.3,0.0,317,34.2,0,0,0,51.493847,-0.1630249,29.0,0.3751516342163086,0,GMT,GMT
2025-07-02T20:00,20.0,11.0,0.0,0.0,39,5.8,17.3,0.0,336,27.7,0,0,0,51.493847,-0.1630249,29.0,0.3751516342163086,0,GMT,GMT
2025-07-02T21:00,18.3,10.9,0.0,0.0,46,6.4,15.8,0.0,352,23.8,0,0,0,51.493847,-0.1630249,29.0,0.3751516342163086,0,GMT,GMT
2025-07-02T22:00,17.0,13.2,0.0,0.0,46,5.4,13.9,0.0,345,29.2,0,0,0,51.493847,-0.1630249,29.0,0.3751516342163086,0,GMT,GMT
2025-07-02T23:00,16.0,11.4,0.0,0.0,47,4.7,13.0,0.0,344,28.8,0,0,0,51.493847,-0.1630249,29.0,0.3751516342163086,0,GMT,GMT
2025-07-03T00:00,15.2,10.7,0.0,0.0,50,4.8,12.4,0.0,344,24.1,0,0,0,51.493847,-0.1630249,29.0,0.3751516342163086,0,GMT,GMT
2025-07-03T01:00,14.0,8.4,0.0,0.0,56,5.4,11.6,0.0,335,19.8,0,0,0,51.493847,-0.1630249,29.0,0.3751516342163086,0,GMT,GMT
2025-07-03T02:00,13.5,7.8,0.0,0.0,60,5.9,11.4,0.0,328,15.8,0,0,0,51.493847,-0.1630249,29.0,0.3751516342163086,0,GMT,GMT
2025-07-03T03:00,13.1,7.6,0.0,0.0,64,6.4,11.0,0.0,324,15.1,0,0,0,51.493847,-0.1630249,29.0,0.3751516342163086,0,GMT,GMT
2025-07-03T04:00,12.7,6.5,0.0,0.0,68,6.9,10.9,0.0,321,14.4,0,0,1,51.493847,-0.1630249,29.0,0.3751516342163086,0,GMT,GMT
2025-07-03T05:00,12.7,6.0,0.0,0.0,72,7.7,11.3,0.0,316,12.2,0,0,12,51.493847,-0.1630249,29.0,0.3751516342163086,0,GMT,GMT
2025-07-03T06:00,13.6,3.3,0.0,0.0,67,7.6,12.5,0.0,311,10.8,0,0,0,51.493847,-0.1630249,29.0,0.3751516342163086,0,GMT,GMT
2025-07-03T07:00,14.9,3.6,0.0,0.0,63,7.8,13.8,0.0,330,13.0,0,0,0,51.493847,-0.1630249,29.0,0.3751516342163086,0,GMT,GMT
2025-07-03T08:00,16.4,3.1,0.0,0.0,57,7.9,15.4,0.0,347,13.3,0,0,0,51.493847,-0.1630249,29.0,0.3751516342163086,0,GMT,GMT
2025-07-03T09:00,17.9,2.0,0.0,0.0,51,7.6,17.4,0.0,360,13.3,0,0,0,51.493847,-0.1630249,29.0,0.3751516342163086,0,GMT,GMT
2025-07-03T10:00,19.1,0.7,0.0,0.0,47,7.6,19.7,0.0,256,12.2,0,0,0,51.493847,-0.1630249,29.0,0.3751516342163086,0,GMT,GMT
2025-07-03T11:00,20.3,2.4,0.0,0.0,43,7.3,21.1,0.0,243,14.8,7,4,0,51.493847,-0.1630249,29.0,0.3751516342163086,0,GMT,GMT
2025-07-03T12:00,21.8,5.4,0.0,0.0,36,6.1,22.0,0.0,240,20.5,1,65,4,51.493847,-0.1630249,29.0,0.3751516342163086,0,GMT,GMT
2025-07-03T13:00,22.9,7.3,0.0,0.0,29,3.7,21.1,0.0,230,23.4,0,56,0,51.493847,-0.1630249,29.0,0.3751516342163086,0,GMT,GMT
2025-07-03T14:00,23.4,8.6,0.0,0.0,26,2.9,20.8,0.0,234,25.9,0,99,63,51.493847,-0.1630249,29.0,0.3751516342163086,0,GMT,GMT
2025-07-03T15:00,23.6,9.0,0.0,0.0,26,2.8,20.6,0.0,257,26.3,0,74,96,51.493847,-0.1630249,29.0,0.3751516342163086,0,GMT,GMT
2025-07-03T16:00,23.5,10.5,0.0,0.0,26,2.9,20.3,0.0,275,28.4,0,54,99,51.493847,-0.1630249,29.0,0.3751516342163086,0,GMT,GMT
2025-07-03T17:00,23.4,11.4,0.0,0.0,27,3.1,20.2,0.0,275,30.2,0,95,99,51.493847,-0.1630249,29.0,0.3751516342163086,0,GMT,GMT
2025-07-03T18:00,22.7,10.3,0.0,0.0,29,3.8,19.8,0.0,269,30.2,0,77,4,51.493847,-0.1630249,29.0,0.3751516342163086,0,GMT,GMT
2025-07-03T19:00,22.5,9.2,0.0,0.0,29,3.8,19.7,0.0,272,25.9,0,100,0,51.493847,-0.1630249,29.0,0.3751516342163086,0,GMT,GMT
2025-07-03T20:00,21.6,7.9,0.0,0.0,32,4.4,19.1,0.0,294,24.5,0,0,0,51.493847,-0.1630249,29.0,0.3751516342163086,0,GMT,GMT
2025-07-03T21:00,20.5,9.4,0.0,0.0,37,5.3,18.0,0.0,306,18.7,0,1,0,51.493847,-0.1630249,29.0,0.3751516342163086,0,GMT,GMT
2025-07-03T22:00,19.7,9.4,0.0,0.0,41,6.0,17.3,0.0,278,18.7,0,0,0,51.493847,-0.1630249,29.0,0.3751516342163086,0,GMT,GMT
2025-07-03T23:00,18.7,11.0,0.0,0.0,43,5.9,16.0,0.0,268,22.7,0,0,0,51.493847,-0.1630249,29.0,0.3751516342163086,0,GMT,GMT
2025-07-04T00:00,17.7,9.0,0.0,0.0,46,6.0,15.4,0.0,270,23.0,0,0,14,51.493847,-0.1630249,29.0,0.3751516342163086,0,GMT,GMT
2025-07-04T01:00,16.3,7.8,0.0,0.0,54,7.1,14.4,0.0,262,18.4,0,0,81,51.493847,-0.1630249,29.0,0.3751516342163086,0,GMT,GMT
2025-07-04T02:00,15.6,7.8,0.0,0.0,58,7.4,13.8,0.0,277,15.1,0,0,98,51.493847,-0.1630249,29.0,0.3751516342163086,0,GMT,GMT
2025-07-04T03:00,15.1,7.1,0.0,0.0,60,7.3,13.3,0.0,276,15.1,0,0,98,51.493847,-0.1630249,29.0,0.3751516342163086,0,GMT,GMT
2025-07-04T04:00,14.5,6.4,0.0,0.0,62,7.3,12.9,0.0,262,13.3,0,0,82,51.493847,-0.1630249,29.0,0.3751516342163086,0,GMT,GMT
2025-07-04T05:00,14.4,5.4,0.0,0.0,64,7.6,13.0,0.0,255,11.9,0,0,67,51.493847,-0.1630249,29.0,0.3751516342163086,0,GMT,GMT
2025-07-04T06:00,15.1,4.6,0.0,0.0,61,7.7,13.8,0.0,252,13.3,0,0,88,51.493847,-0.1630249,29.0,0.3751516342163086,0,GMT,GMT
2025-07-04T07:00,16.3,4.7,0.0,0.0,59,8.2,15.1,0.0,247,15.1,0,0,49,51.493847,-0.1630249,29.0,0.3751516342163086,0,GMT,GMT
2025-07-04T08:00,18.3,4.6,0.0,0.0,52,8.2,17.2,0.0,234,16.9,0,0,24,51.493847,-0.1630249,29.0,0.3751516342163086,0,GMT,GMT
2025-07-04T09:00,20.3,6.4,0.0,0.0,42,6.8,18.9,0.0,230,21.6,0,0,99,51.493847,-0.1630249,29.0,0.3751516342163086,0,GMT,GMT
2025-07-04T10:00,21.8,8.0,0.0,0.0,36,6.0,20.5,0.0,230,25.2,0,0,100,51.493847,-0.1630249,29.0,0.3751516342163086,0,GMT,GMT
2025-07-04T11:00,22.7,9.4,0.0,0.0,34,6.1,20.6,0.0,235,27.7,0,1,78,51.493847,-0.1630249,29.0,0.3751516342163086,0,GMT,GMT
2025-07-04T12:00,24.2,11.5,0.0,0.0,31,6.1,23.1,0.0,229,32.8,0,15,81,51.493847,-0.1630249,29.0,0.3751516342163086,0,GMT,GMT
2025-07-04T13:00,25.3,13.9,0.0,0.0,31,6.8,24.2,0.0,233,38.5,0,2,3,51.493847,-0.1630249,29.0,0.3751516342163086,0,GMT,GMT
2025-07-04T14:00,25.8,14.9,0.0,0.0,31,7.4,24.5,0.0,240,40.7,6,1,5,51.493847,-0.1630249,29.0,0.3751516342163086,0,GMT,GMT
2025-07-04T15:00,26.1,15.5,0.0,0.0,29,6.9,24.1,0.0,250,41.4,1,0,51,51.493847,-0.1630249,29.0,0.3751516342163086,0,GMT,GMT
2025-07-04T16:00,26.1,16.3,0.0,0.0,28,6.3,23.2,0.0,249,42.5,0,0,31,51.493847,-0.1630249,29.0,0.3751516342163086,0,GMT,GMT
2025-07-04T17:00,26.0,16.5,0.0,0.0,28,6.1,22.6,0.0,250,42.5,0,2,78,51.493847,-0.1630249,29.0,0.3751516342163086,0,GMT,GMT
2025-07-04T18:00,25.7,17.3,0.0,0.0,26,4.9,22.0,0.0,261,42.5,0,0,79,51.493847,-0.1630249,29.0,0.3751516342163086,0,GMT,GMT
2025-07-04T19:00,24.9,17.2,0.0,0.0,28,5.2,21.2,0.0,264,42.1,0,0,57,51.493847,-0.1630249,29.0,0.3751516342163086,0,GMT,GMT
2025-07-04T20:00,23.4,13.3,0.0,0.0,35,7.1,20.7,0.0,254,40.3,0,0,96,51.493847,-0.1630249,29.0,0.3751516342163086,0,GMT,GMT
2025-07-04T21:00,22.0,12.7,0.0,0.0,44,9.3,20.0,0.0,237,30.6,0,0,99,51.493847,-0.1630249,29.0,0.3751516342163086,0,GMT,GMT
2025-07-04T22:00,20.9,14.1,0.0,0.0,53,10.9,19.1,0.0,238,32.4,0,55,100,51.493847,-0.1630249,29.0,0.3751516342163086,0,GMT,GMT
2025-07-04T23:00,20.0,14.8,0.0,0.0,57,11.2,18.2,0.0,241,34.6,0,97,94,51.493847,-0.1630249,29.0,0.3751516342163086,0,GMT,GMT
2025-07-05T00:00,19.3,16.6,0.0,0.0,56,10.4,17.0,0.0,244,38.2,0,90,100,51.493847,-0.1630249,29.0,0.3751516342163086,0,GMT,GMT
2025-07-05T01:00,18.6,15.2,0.0,0.0,55,9.5,16.3,0.0,248,34.9,0,3,74,51.493847,-0.1630249,29.0,0.3751516342163086,0,GMT,GMT
2025-07-05T02:00,17.4,15.0,0.1,0.0,59,9.2,15.0,0.1,251,35.3,0,60,100,51.493847,-0.1630249,29.0,0.3751516342163086,0,GMT,GMT
2025-07-05T03:00,17.0,13.7,0.6,0.0,60,9.1,14.8,0.6,236,33.8,2,90,100,51.493847,-0.1630249,29.0,0.3751516342163086,0,GMT,GMT
2025-07-05T04:00,16.6,12.6,0.0,0.0,60,8.9,14.5,0.0,229,31.3,12,100,93,51.493847,-0.1630249,29.0,0.3751516342163086,0,GMT,GMT
2025-07-05T05:00,16.3,13.2,0.0,0.0,67,10.2,14.4,0.0,227,30.2,55,66,1,51.493847,-0.1630249,29.0,0.3751516342163086,0,GMT,GMT
2025-07-05T06:00,16.9,14.7,0.0,0.0,68,11.0,15.1,0.0,227,34.9,98,33,10,51.493847,-0.1630249,29.0,0.3751516342163086,0,GMT,GMT
2025-07-05T07:00,18.0,16.6,0.0,0.0,67,11.8,16.1,0.0,230,40.0,100,0,71,51.493847,-0.1630249,29.0,0.3751516342163086,0,GMT,GMT
2025-07-05T08:00,18.7,15.5,0.0,0.0,66,12.2,17.1,0.0,228,40.3,100,13,80,51.493847,-0.1630249,29.0,0.3751516342163086,0,GMT,GMT
2025-07-05T09:00,20.0,21.5,0.0,0.0,63,12.9,17.8,0.0,251,50.8,100,61,100,51.493847,-0.1630249,29.0,0.3751516342163086,0,GMT,GMT
2025-07-05T10:00,19.6,19.2,0.1,0.0,69,13.7,18.0,0.1,244,51.5,35,100,100,51.493847,-0.1630249,29.0,0.3751516342163086,0,GMT,GMT
2025-07-05T11:00,20.1,22.1,0.1,0.0,68,14.0,18.1,0.1,243,50.4,94,85,100,51.493847,-0.1630249,29.0,0.3751516342163086,0,GMT,GMT
2025-07-05T12:00,20.1,15.6,0.4,0.0,72,14.9,19.4,0.4,240,51.8,100,100,99,51.493847,-0.1630249,29.0,0.3751516342163086,0,GMT,GMT
2025-07-05T13:00,19.9,18.6,0.6,0.0,72,14.7,18.8,0.6,240,51.8,100,89,100,51.493847,-0.1630249,29.0,0.3751516342163086,0,GMT,GMT
2025-07-05T14:00,20.9,21.8,0.0,0.0,65,14.2,19.1,0.0,236,50.8,100,25,90,51.493847,-0.1630249,29.0,0.3751516342163086,0,GMT,GMT
2025-07-05T15:00,21.0,23.0,0.0,0.0,66,14.3,19.0,0.0,241,54.4,100,2,35,51.493847,-0.1630249,29.0,0.3751516342163086,0,GMT,GMT
2025-07-05T16:00,21.0,18.5,0.0,0.0,68,14.9,19.9,0.0,241,53.3,100,5,41,51.493847,-0.1630249,29.0,0.3751516342163086,0,GMT,GMT
2025-07-05T17:00,21.3,20.8,0.0,0.0,68,15.2,20.0,0.0,243,50.0,62,0,13,51.493847,-0.1630249,29.0,0.3751516342163086,0,GMT,GMT
2025-07-05T18:00,21.6,21.7,0.0,0.0,67,15.2,20.2,0.0,247,49.3,64,0,0,51.493847,-0.1630249,29.0,0.3751516342163086,0,GMT,GMT
2025-07-05T19:00,21.2,20.0,0.0,0.0,69,15.4,20.1,0.0,247,49.3,56,6,3,51.493847,-0.1630249,29.0,0.3751516342163086,0,GMT,GMT
2025-07-05T20:00,20.5,11.8,0.0,0.0,74,15.7,20.7,0.0,232,44.6,70,0,0,51.493847,-0.1630249,29.0,0.3751516342163086,0,GMT,GMT
2025-07-05T21:00,19.8,11.1,0.1,0.0,78,15.8,20.1,0.1,240,26.3,89,0,22,51.493847,-0.1630249,29.0,0.3751516342163086,0,GMT,GMT
2025-07-05T22:00,19.4,12.6,0.1,0.0,76,15.0,19.3,0.1,260,28.1,100,0,100,51.493847,-0.1630249,29.0,0.3751516342163086,0,GMT,GMT
2025-07-05T23:00,18.9,13.4,0.0,0.0,74,14.1,18.3,0.0,256,30.6,56,0,100,51.493847,-0.1630249,29.0,0.3751516342163086,0,GMT,GMT
2025-07-06T00:00,18.3,12.9,0.0,0.0,76,13.9,17.7,0.0,249,30.6,18,0,96,51.493847,-0.1630249,29.0,0.3751516342163086,0,GMT,GMT
2025-07-06T01:00,18.4,10.9,0.0,0.0,79,14.6,18.4,0.0,251,24.8,47,34,47,51.493847,-0.1630249,29.0,0.3751516342163086,0,GMT,GMT
2025-07-06T02:00,18.2,10.0,0.0,0.0,80,14.6,18.2,0.0,253,24.1,48,15,100,51.493847,-0.1630249,29.0,0.3751516342163086,0,GMT,GMT
2025-07-06T03:00,17.9,8.7,0.0,0.0,82,14.7,18.2,0.0,253,22.3,9,24,100,51.493847,-0.1630249,29.0,0.3751516342163086,0,GMT,GMT
2025-07-06T04:00,17.5,8.4,0.0,0.0,84,14.8,17.9,0.0,255,18.7,82,41,100,51.493847,-0.1630249,29.0,0.3751516342163086,0,GMT,GMT
2025-07-06T05:00,17.4,8.8,0.0,0.0,85,14.8,17.7,0.0,268,21.2,91,2,100,51.493847,-0.1630249,29.0,0.3751516342163086,0,GMT,GMT
2025-07-06T06:00,17.5,8.3,0.0,0.0,82,14.5,17.8,0.0,266,21.6,97,17,100,51.493847,-0.1630249,29.0,0.3751516342163086,0,GMT,GMT
2025-07-06T07:00,18.0,8.2,0.0,0.0,78,14.2,18.1,0.0,255,21.6,96,1,100,51.493847,-0.1630249,29.0,0.3751516342163086,0,GMT,GMT
2025-07-06T08:00,18.8,9.8,0.0,0.0,73,13.8,18.6,0.0,262,24.8,100,1,55,51.493847,-0.1630249,29.0,0.3751516342163086,0,GMT,GMT
2025-07-06T09:00,20.2,9.4,0.1,0.0,65,13.3,19.9,0.1,275,28.1,74,34,0,51.493847,-0.1630249,29.0,0.3751516342163086,0,GMT,GMT
2025-07-06T10:00,21.2,7.3,0.0,0.0,60,13.3,21.2,0.0,263,26.3,100,13,4,51.493847,-0.1630249,29.0,0.3751516342163086,0,GMT,GMT
2025-07-06T11:00,22.1,9.1,0.0,0.0,56,13.0,21.8,0.0,249,28.1,100,36,16,51.493847,-0.1630249,29.0,0.3751516342163086,0,GMT,GMT
2025-07-06T12:00,22.4,10.9,0.1,0.0,54,12.7,21.6,0.1,261,31.3,100,20,22,51.493847,-0.1630249,29.0,0.3751516342163086,0,GMT,GMT
2025-07-06T13:00,22.5,8.3,0.1,0.0,53,12.5,22.0,0.1,257,24.8,100,100,100,51.493847,-0.1630249,29.0,0.3751516342163086,0,GMT,GMT
2025-07-06T14:00,17.5,10.3,3.3,0.0,79,13.9,17.3,3.3,322,38.5,2,36,34,51.493847,-0.1630249,29.0,0.3751516342163086,0,GMT,GMT
2025-07-06T15:00,20.4,6.1,0.1,0.0,71,14.9,21.2,0.1,317,24.1,2,3,11,51.493847,-0.1630249,29.0,0.3751516342163086,0,GMT,GMT
2025-07-06T16:00,21.7,11.3,0.1,0.0,60,13.7,21.5,0.1,313,31.3,69,20,0,51.493847,-0.1630249,29.0,0.3751516342163086,0,GMT,GMT
2025-07-06T17:00,20.3,15.3,0.0,0.0,59,11.9,18.7,0.0,329,39.2,10,21,0,51.493847,-0.1630249,29.0,0.3751516342163086,0,GMT,GMT
2025-07-06T18:00,20.1,15.2,0.0,0.0,59,11.8,18.4,0.0,323,37.4,20,17,0,51.493847,-0.1630249,29.0,0.3751516342163086,0,GMT,GMT
2025-07-06T19:00,19.7,12.9,0.0,0.0,59,11.5,18.3,0.0,320,36.7,26,29,0,51.493847,-0.1630249,29.0,0.3751516342163086,0,GMT,GMT
2025-07-06T20:00,18.8,12.2,0.0,0.0,63,11.6,17.5,0.0,314,33.1,74,26,0,51.493847,-0.1630249,29.0,0.3751516342163086,0,GMT,GMT
2025-07-06T21:00,17.7,10.7,0.0,0.0,67,11.5,16.6,0.0,310,27.4,14,9,99,51.493847,-0.1630249,29.0,0.3751516342163086,0,GMT,GMT
2025-07-06T22:00,17.3,10.4,0.0,0.0,69,11.5,16.2,0.0,309,23.4,100,100,100,51.493847,-0.1630249,29.0,0.3751516342163086,0,GMT,GMT
2025-07-06T23:00,17.0,10.2,0.0,0.0,70,11.4,16.0,0.0,311,23.4,68,100,100,51.493847,-0.1630249,29.0,0.3751516342163086,0,GMT,GMT
2025-07-07T00:00,16.5,9.5,0.0,0.0,72,11.4,15.5,0.0,302,22.7,93,100,97,51.493847,-0.1630249,29.0,0.3751516342163086,0,GMT,GMT
2025-07-07T01:00,16.0,9.3,0.0,0.0,76,11.7,15.1,0.0,310,22.7,58,100,100,51.493847,-0.1630249,29.0,0.3751516342163086,0,GMT,GMT
2025-07-07T02:00,15.4,9.5,0.2,0.0,80,11.9,14.6,0.2,307,20.9,100,100,100,51.493847,-0.1630249,29.0,0.3751516342163086,0,GMT,GMT
2025-07-07T03:00,14.7,9.7,0.6,0.0,84,12.1,14.0,0.6,305,21.6,86,100,100,51.493847,-0.1630249,29.0,0.3751516342163086,0,GMT,GMT
2025-07-07T04:00,14.0,11.6,2.4,0.0,93,13.0,13.3,2.4,318,25.2,98,100,100,51.493847,-0.1630249,29.0,0.3751516342163086,0,GMT,GMT
2025-07-07T05:00,14.0,11.9,3.0,0.0,91,12.6,13.1,3.0,357,23.4,100,100,100,51.493847,-0.1630249,29.0,0.3751516342163086,0,GMT,GMT
2025-07-07T06:00,13.4,15.5,2.8,0.0,95,12.7,12.0,2.8,9,32.0,100,100,96,51.493847,-0.1630249,29.0,0.3751516342163086,0,GMT,GMT
2025-07-07T07:00,13.5,15.9,0.8,0.0,92,12.3,11.9,0.8,6,32.8,53,100,24,51.493847,-0.1630249,29.0,0.3751516342163086,0,GMT,GMT
2025-07-07T08:00,13.7,13.9,0.2,0.0,90,12.1,12.3,0.2,356,33.8,14,100,0,51.493847,-0.1630249,29.0,0.3751516342163086,0,GMT,GMT
2025-07-07T09:00,14.0,13.4,0.0,0.0,83,11.2,12.4,0.0,353,33.5,32,100,0,51.493847,-0.1630249,29.0,0.3751516342163086,0,GMT,GMT
2025-07-07T10:00,15.2,16.2,0.0,0.0,73,10.4,13.0,0.0,358,38.9,19,9,8,51.493847,-0.1630249,29.0,0.3751516342163086,0,GMT,GMT
2025-07-07T11:00,17.6,15.8,0.0,0.0,58,9.3,15.8,0.0,352,42.8,15,30,0,51.493847,-0.1630249,29.0,0.3751516342163086,0,GMT,GMT
2025-07-07T12:00,18.5,17.8,0.0,0.0,50,8.0,15.9,0.0,353,44.6,100,35,0,51.493847,-0.1630249,29.0,0.3751516342163086,0,GMT,GMT
2025-07-07T13:00,19.2,18.3,0.0,0.0,47,7.7,17.1,0.0,342,47.2,42,46,17,51.493847,-0.1630249,29.0,0.3751516342163086,0,GMT,GMT
2025-07-07T14:00,18.4,16.5,0.0,0.0,51,8.1,15.5,0.0,333,45.0,19,96,0,51.493847,-0.1630249,29.0,0.3751516342163086,0,GMT,GMT
2025-07-07T15:00,18.8,15.7,0.0,0.0,51,8.3,16.0,0.0,323,40.0,53,82,0,51.493847,-0.1630249,29.0,0.3751516342163086,0,GMT,GMT
2025-07-07T16:00,19.3,16.0,0.0,0.0,48,7.9,16.4,0.0,316,41.8,30,66,0,51.493847,-0.1630249,29.0,0.3751516342163086,0,GMT,GMT
2025-07-07T17:00,19.5,15.3,0.0,0.0,48,8.3,16.8,0.0,309,38.9,26,84,9,51.493847,-0.1630249,29.0,0.3751516342163086,0,GMT,GMT
2025-07-07T18:00,19.0,14.6,0.0,0.0,53,9.3,16.7,0.0,305,37.1,28,3,1,51.493847,-0.1630249,29.0,0.3751516342163086,0,GMT,GMT
2025-07-07T19:00,18.2,12.7,0.0,0.0,56,9.2,16.2,0.0,306,33.1,2,0,0,51.493847,-0.1630249,29.0,0.3751516342163086,0,GMT,GMT
2025-07-07T20:00,17.1,10.9,0.0,0.0,60,9.4,15.4,0.0,297,28.8,2,2,0,51.493847,-0.1630249,29.0,0.3751516342163086,0,GMT,GMT
2025-07-07T21:00,16.2,13.7,0.0,0.0,64,9.3,14.0,0.0,302,29.9,0,0,0,51.493847,-0.1630249,29.0,0.3751516342163086,0,GMT,GMT
2025-07-07T22:00,15.3,10.7,0.0,0.0,67,9.2,13.5,0.0,299,29.9,0,1,0,51.493847,-0.1630249,29.0,0.3751516342163086,0,GMT,GMT
2025-07-07T23:00,14.8,11.0,0.0,0.0,69,9.2,12.9,0.0,294,23.0,96,80,0,51.493847,-0.1630249,29.0,0.3751516342163086,0,GMT,GMT
